word,x,y
the,-2.31218280981,10.5093940208
",",-7.05854978534,7.5309446578
.,-6.03595882037,8.5011002723
of,-1.69834967161,10.4002466797
to,9.79699804142,-13.9374583179
and,-6.08318939627,6.23424892409
in,-7.21751062491,11.2519924899
a,-3.63512634549,10.3810606229
"""",-16.2891846683,-12.1376766942
's,-1.45989174908,11.8407796671
for,-2.19548587686,5.42482893955
-,-7.492953735,1.89264382326
that,-0.892220532081,-7.38716631926
on,-8.55675609602,11.4540947185
is,-6.82974453231,-4.51457934248
was,-10.7133360489,0.363228140775
said,3.76899932979,-30.8969265839
with,-7.50089499451,6.23750890179
he,-9.3352298533,-0.259588490607
as,-3.28873614408,3.04625455589
it,-3.68955597187,-6.75983421116
by,-4.91873518494,4.87888356243
at,-10.2182183466,12.00190338
(,-25.5238919103,34.0460421667
),-25.6289754916,34.1221886065
from,-6.84780113957,12.7800227317
his,-15.2878282947,-21.7796529492
'',-1.87130912063,-26.4606529336
``,-2.25090979997,-25.9569511797
an,-3.63975056166,10.4662144152
be,0.737002042819,-6.19557491448
has,-7.4784820655,-2.10874340451
are,2.73357591369,1.28976890349
have,1.50954975005,-0.0590255737422
but,-1.28860359339,-7.2388934124
were,0.406389719346,0.075610715762
not,1.15147276485,-7.60661434948
this,-4.15858696715,6.96554844069
who,-18.1055887615,-32.011307027
they,1.54499316277,-2.6332642547
had,-10.5901295608,-0.898923222086
i,-5.34770687029,-21.8959315612
which,0.560235836459,11.0425790867
will,7.89180632614,-14.3933719341
their,0.0237707043669,4.50015559804
:,-25.6260652107,32.3036578997
or,4.44643046888,-1.76120472112
its,-0.491084128734,11.4575497546
one,-3.17364578416,8.58342058272
after,-18.2696159563,12.7105494492
new,-1.30095045363,9.23681337136
been,-7.03983133592,-1.3017548794
also,-2.28899147229,2.59025268674
we,0.614254959904,-18.145481598
would,6.93503870361,-14.4168530365
two,-17.8742219365,27.8517581429
more,-3.45407559731,-0.785694596272
',-15.7905031369,-11.5945472398
first,-29.9630409598,14.4474082959
about,-5.13391204517,-0.485381829833
up,-11.1023006219,10.1619572644
when,-16.0609024372,10.2840503539
year,-19.7279293054,21.4439700089
there,-2.42252289939,-7.36181384814
all,0.314469352323,2.59529369423
--,-6.43611247432,0.998505543442
out,-11.603310657,8.4765221529
she,-13.8270865932,-22.5458500154
other,3.03140812228,3.04488320252
people,0.362461305667,-1.94173011187
n't,1.1513768912,-18.9536313314
her,-15.1983998715,-22.0812508834
percent,-17.4019611378,46.4898976634
than,-3.79443857015,-0.766945011048
over,-10.4476636385,7.18120812454
into,-8.9531019107,13.4026264945
last,-19.8320225225,19.695153583
some,1.25604529517,0.948601348561
government,26.564837927,-12.4185676655
time,-9.4674801752,8.77403506883
$,-10.9144296056,44.7948514395
you,-0.233748968451,-21.2273860621
years,-17.53700258,21.0012988619
if,3.53189540731,-14.6697778811
no,2.44946937015,-7.04340892027
world,-9.60582022469,23.3522815343
can,5.0788270907,-13.2937475449
three,-17.7912273957,28.7612627641
do,1.48569242281,-19.2038120157
;,-25.9845849619,33.4112873123
president,-0.182708959078,-43.6359346396
only,-3.30966982849,7.94057904764
state,-4.70193824068,-35.0864361564
million,-11.2508918321,45.0882361678
could,6.17861314821,-14.2803599544
us,34.1670930837,6.60776498903
most,-0.983785106446,1.16236449272
_,-6.45005882188,0.983523328643
against,19.6580316844,-15.8657878903
u.s.,34.2306383566,6.59712314439
so,-2.95977565787,-8.13840659526
them,1.95705881897,-2.95350047019
what,-1.27520484727,-16.0424851286
him,-13.8810290294,-20.0551092776
united,36.8569802139,6.15371073118
during,-18.9662846654,16.1458167299
before,-16.3232369265,11.5521083358
may,-6.08664710751,8.19925164169
since,-17.5399266993,19.9289410495
many,1.79864740673,1.8810034558
while,-8.42432948175,5.08525745766
where,-5.32395002771,24.8199014168
states,36.7386860544,6.17436440792
because,-0.0873682324208,-7.44285789794
now,-6.03994181342,-3.97544691998
city,-2.28148305609,27.7059931016
made,-3.2201403837,4.62942681108
like,-6.94363977163,-10.2956032981
between,-5.53990712809,11.5635799569
did,0.353345049974,-13.6595746405
just,-4.13935371325,-7.89852971946
national,-5.93857945652,-35.0892847033
day,-22.7779214074,18.9559390813
country,8.03283304213,13.6477379549
under,-5.98845799402,6.44029316965
such,4.685978638,2.97397159622
second,-31.0050749407,14.6241172781
then,-15.3452122682,9.62940526007
company,14.933151161,30.0246987595
group,26.0250523138,-21.4704117881
any,2.83954162079,-7.79780264765
through,-8.60135141799,13.724444966
china,46.674220806,13.2310818933
four,-18.4698486993,28.8666668783
being,-8.18249335546,-0.393542232234
down,-11.2385147172,10.2258687826
war,43.1166736185,-21.1820855691
back,-13.1128181376,9.36033336036
off,-12.2076597322,9.14774322772
south,-0.0746326912355,34.392805353
american,-24.1064326801,-1.30107284918
minister,6.82641591403,-44.3048369074
police,33.994587406,-28.2830474387
well,-2.33752955601,3.41624302942
including,4.06585977739,5.97999155842
team,-44.2630187744,5.40165530868
international,32.4843835061,9.29849393032
week,-21.9570931211,20.228843844
officials,17.221066858,-29.4143773438
still,-4.94282844342,-3.82914211449
both,-1.46207388657,2.87393201333
even,-1.77258440274,-6.1808775814
high,22.4324375796,33.623304298
part,-0.0585596530178,10.1344265801
told,3.61774795525,-31.5673077223
those,2.30092349561,0.565213442451
end,-14.4569251181,13.656341324
former,-7.87028306393,-41.6927894971
these,3.59034411011,1.60160505695
make,6.18165058491,-13.0374454014
billion,-11.2623243685,46.1998695019
work,-16.1968328773,-8.23363093731
our,3.16245392844,-13.1044650782
home,-5.57424929599,24.5265680374
school,-18.6803302899,-39.8618305159
party,20.4826470244,-38.6732737918
house,-19.9582312565,0.917601603075
old,-23.0531990817,-32.707087848
later,-18.0407899693,11.5658010628
get,2.88230533691,-17.3807553136
another,-3.6707935,9.86684121494
tuesday,-23.9426962695,24.3141451098
news,0.647542922404,-31.5197430063
long,-6.20517181492,3.75623386727
five,-18.0112607798,29.5219441278
called,-14.2705155157,-6.85975381014
1,-25.9123204405,37.6972364089
wednesday,-25.1076229797,23.6012418529
military,40.8302039998,-19.2751225845
way,-3.03911371597,-8.29866056249
used,11.4760730082,8.23292720648
much,-3.26946289704,-5.47242753564
next,-12.9645053589,15.5817775453
monday,-24.2065766288,23.4719444311
thursday,-23.2746563621,23.2038691638
friday,-24.2261301172,23.3835506683
game,-41.5715638673,6.10008778246
here,-6.32479703346,-7.32724185218
?,-1.13969095413,-20.8071038719
should,8.39056791702,-13.0772086234
take,7.39851044876,-13.7743803602
very,-6.64665266368,-14.621796227
my,-7.97102236218,-25.1999738511
north,-0.381787795589,34.2302424951
security,34.5378860302,-14.2364368011
season,-40.6643935629,7.18652361959
york,-43.6645517433,-13.4544222207
how,-0.167708859922,-15.6595564272
public,22.0333360793,15.329125835
early,-18.9897122245,13.9024114559
according,8.10631550086,-31.5484790114
several,1.64424080563,3.06083980865
court,23.9257139292,-30.6375144315
say,1.52342585056,-16.8328908948
around,-4.98614188381,25.3756529819
foreign,42.7039176506,-3.24471969946
10,-23.5691815402,40.7328396117
until,-15.0710643127,11.8883255023
set,-11.3831788574,13.9459990961
political,19.7851210582,-32.7452354341
says,3.84514453185,-23.1559908628
market,32.0600890697,28.0300529174
however,-1.58130886715,-3.05025455323
family,-23.0245821666,-28.2925768586
life,-17.4732788729,-23.8450497566
same,-4.06484427111,7.6915889163
general,-1.48527548885,-43.1874764459
–,-27.3355351735,35.9475220742
left,-16.4214558877,6.40209211778
good,-8.59749006796,-15.6492603888
top,-5.75921185624,14.6370556758
university,-19.6835896663,-40.7646656781
going,-1.87889827026,-19.2194574478
number,2.31936750325,4.95228653505
major,-2.36962362469,14.7349507616
known,-20.921583274,-10.092591652
points,-33.3204940977,19.2621535318
won,-39.168835333,14.8246536077
six,-18.8955040401,29.4019651515
month,-20.6987625434,20.5667838639
dollars,-9.63779176363,46.1226895385
bank,36.0533412568,24.4183186096
2,-25.5222864629,38.0699006641
iraq,45.0953384028,-13.397569759
use,11.9399827886,8.45978333477
members,10.5764887405,-40.5506931844
each,-2.0442139903,7.54612591246
area,-0.297122337325,29.0106181106
found,-13.3220207411,-2.98720892227
official,8.14461767247,-32.5914821492
sunday,-24.1841444062,21.9616004005
place,-25.3749782475,11.2750292453
go,4.01921417177,-16.7776330382
based,3.53381842987,10.8639328652
among,2.61032985653,3.7499886887
third,-31.3866524126,14.9133128917
times,-8.40273276361,8.57684666326
took,-17.7001465526,10.1617915126
right,2.6746996906,-9.67257366138
days,-21.8612021063,18.7636913615
local,2.46946821946,22.5041334085
economic,33.4224387481,13.740805837
countries,36.6641258911,1.97175966009
see,1.70732748874,-14.4914539883
best,-32.2303573781,2.92387063369
report,8.30471631043,-30.2798418514
killed,42.5019781382,-26.6410222198
held,-24.0635381646,13.9216082769
business,22.9185125242,17.7994717125
west,-0.351336095258,32.8125617858
does,2.76783143462,-15.2756828269
own,-0.616431087891,4.8020935301
%,-18.455367036,45.162900008
came,-17.2700303879,9.89816569828
law,30.8000866932,-15.8578775549
months,-18.7774811174,21.2192321702
women,-14.1877123288,-33.351063934
're,-6.16935921213,-19.6546863148
power,19.8727920999,8.47099904145
think,-4.13950329193,-19.2549090422
service,20.3097644688,13.0936013623
children,-18.0435574359,-27.586776385
bush,15.9568940028,-47.6339770309
show,-29.8031089278,-4.01068034897
/,-24.8647929716,32.4428469106
help,11.5104701,-14.1227068803
chief,-2.18143686775,-42.6251829463
saturday,-24.1938505236,22.0626290679
system,20.5255515841,9.74255086507
john,-35.0658083799,-28.2035649524
support,19.2644924914,-20.6871658611
series,-30.6433123574,-6.06761478649
play,-41.3470956918,5.05759646244
office,-6.01528357402,9.95861985804
following,-17.8209785174,15.4294290911
me,-4.91947478984,-22.2299741281
meeting,5.40489340726,-39.3362305779
expected,9.15106506194,-7.86973390378
late,-19.381501212,13.942363411
washington,-44.5771309949,-10.933373385
games,-42.1221455627,7.27033419706
european,39.3694498466,2.74909925168
league,-45.5196110426,4.58226718162
reported,6.69856919835,-29.970075683
final,-34.7744319331,13.6422090153
added,11.2242129969,-7.30316502589
without,2.68956721601,-6.7471973417
british,-24.982394863,-3.23157183753
white,-21.259496231,0.227902477901
history,-23.7479681578,-14.1080149234
man,-22.1485962533,-32.2509787444
men,-13.7237780387,-32.8692823349
became,-21.0066053465,-4.28721912528
want,2.46730658688,-19.1474223463
march,-32.7063501971,39.3379083133
case,26.1811289173,-33.060124572
few,0.722028321151,1.34418913615
run,-10.8927349948,18.2691544341
money,32.578127211,20.8476304092
began,-16.4423607048,13.515264713
open,-24.8708650059,12.0062461706
name,-20.1503411851,-10.1358419652
trade,35.3665980573,11.8154908248
center,-26.218317634,4.37335920773
3,-25.6719279429,38.4396699703
israel,50.7648018673,-10.8639301822
oil,14.6224469577,20.4668915421
too,-4.14235699073,-9.65167633397
al,47.0011787882,-10.0748245023
film,-33.9053229891,-6.65554374187
win,-38.7292590105,15.7859867555
led,-3.92785156617,14.7201008508
east,0.166391502788,33.1832729269
central,2.08416948013,35.4770006873
20,-22.7653589791,42.1742004478
air,5.86913394442,42.8303130982
come,4.29940094726,-15.8176079283
chinese,49.5107286958,13.199028006
town,-2.01928226001,29.2556835177
leader,20.9185532153,-36.9231301364
army,40.8083530754,-18.6820153714
line,-6.73955136446,18.0290673424
never,-0.809709667091,-13.4644543619
little,-8.28111142287,-13.8046774306
played,-41.4947348771,3.38997886034
prime,6.86583344109,-43.5208607575
death,-23.4211471307,-24.6037186233
companies,24.4176762944,17.3604864429
least,-16.7011673588,37.1649402609
put,4.16904449378,-9.45420088029
forces,41.309159229,-18.223254135
past,-10.6925665139,7.03066039701
de,-38.2921511065,-14.3507838373
half,-22.3152823443,13.1623311021
june,-33.2472441109,39.5997772875
saying,8.05570106814,-27.2194408925
know,-0.977494882248,-18.9490637575
federal,14.9687886665,-36.2925319675
french,48.8784243796,-0.68633842951
peace,37.7408752492,-5.78907701863
earlier,-19.7793883945,18.4491074032
capital,1.82644200141,36.0838356463
force,40.0589539242,-18.3189121216
great,-12.6255829682,-14.013949367
union,17.4023536246,-34.6824423305
near,-3.56921504476,29.8219230912
released,-39.3134066486,26.9402436724
small,5.41448913652,16.0864394661
department,10.8609351609,-34.0131498438
every,-3.56596762108,7.00563781914
health,28.1682907958,1.87888511214
japan,45.9265224187,12.574928894
head,-17.372475602,-0.427833048224
ago,-18.825552573,19.7080746822
night,-24.8618486541,20.0112348878
big,-7.85770845226,-9.76434904163
cup,-41.6819178097,10.9140998747
election,22.6467457929,-42.4346077388
region,3.02506469677,34.3383572025
director,-5.68947702985,-43.3219652313
talks,35.7990929572,-4.47892733872
program,28.7010869415,5.43790548909
far,-5.45133212699,-2.04990243702
today,-6.35227951536,-6.68506085363
statement,11.4472470924,-27.6957509549
july,-33.6653614657,40.3851683749
although,-1.86540774792,-3.064013133
district,-50.2830368287,-10.7355309945
again,-14.6306957975,9.68255937912
born,-27.1785183236,-31.0305281277
development,24.3843304354,6.20320625706
leaders,8.42457882243,-39.7910762794
council,13.0573622722,-38.9939674751
close,-9.45535162643,10.266393793
record,-32.0317599725,11.4631957033
along,-3.32278478285,25.0083377351
county,-49.8817149036,-11.3557462191
france,41.6269424077,4.12593057197
went,-17.5954009331,9.21082224531
point,-4.92220821642,8.35199747751
must,8.66200104736,-12.5746951254
spokesman,0.190170463153,-35.9768972855
your,-7.84336369128,-25.9981518327
member,10.5702748485,-41.4697793191
plan,30.0401134929,-6.22801939357
financial,34.518821048,22.5098868683
april,-33.2749938578,40.0882853426
recent,2.74650310142,16.7972559816
campaign,17.8408525467,-14.7717200601
become,-3.77360861635,1.13673523243
troops,42.0866276023,-17.2173591
whether,9.18012718155,-18.6057286137
lost,-34.5252075766,10.1502407485
music,-33.1515636348,-8.52981400748
15,-24.1005441505,41.7338042921
got,-10.3621972351,-18.1390849111
israeli,52.5190075467,-11.3952645469
30,-22.5090035085,41.3298606436
need,7.54023082322,-11.3412760463
4,-26.2659317803,38.6913985354
lead,-31.0653035119,16.7976568202
already,-6.36565864054,-1.89884649184
russia,43.736158991,1.49965737397
though,-1.88546285729,-4.22861860301
might,5.12560313609,-14.4978224336
free,4.51219666804,-6.73913406901
hit,-21.457298111,8.30195828246
rights,30.0022372393,-18.3250872471
11,-27.5115838797,44.211675087
information,17.2379503978,9.87859383109
away,-12.5690138785,8.47932075809
12,-24.8967619091,41.4519386004
5,-25.29507944,39.2094793159
others,1.12757018478,-0.801258887674
control,19.9865034355,8.69815481544
within,1.55445210496,11.8011201371
large,5.47561942963,16.2116031116
economy,33.2417181465,14.2260496536
press,1.67723114354,-31.6869278065
agency,8.81399668221,-32.5791364635
water,-2.20498884508,20.5667071035
died,-24.3153808648,-24.6285279226
career,-38.470528284,3.48015544144
making,-1.76569000629,5.09972100477
...,-2.60912276868,-16.9660882506
deal,33.9427943545,-5.6382685625
attack,40.7189020684,-29.126308371
side,-8.79733240994,7.12929338612
seven,-18.0678222309,29.9941577575
better,-9.19578466724,-15.2131482022
less,-3.46549671255,-1.42466044631
september,-34.7303647163,39.3650737529
once,-13.4279256069,4.28067601045
clinton,15.9549224342,-47.5919646444
main,-0.790498253294,13.8313526917
due,16.9022312596,0.085706973625
committee,13.3533125286,-37.6027856385
building,7.13048386469,22.9470616217
conference,4.92619047084,-40.1570198776
club,-44.8930467667,3.59544925201
january,-34.3134034467,38.7308656544
decision,19.8104257919,-27.8929696792
stock,32.7384018212,30.2446060542
america,9.78443509277,13.6752667755
given,2.6225346548,-4.59381635866
give,5.90553590715,-12.0587345268
often,4.73749967476,0.148539467399
announced,-21.133619837,25.5731946909
television,-39.2877191236,-5.31070166876
industry,22.8583376608,18.1166569723
order,11.1570126839,-10.6122597815
young,-18.7842452686,-32.5143350872
've,-5.75893145072,-20.7297761963
palestinian,52.3125377512,-12.2185669476
age,-16.2718084386,-29.9232607399
start,-14.0981277671,14.9284345939
administration,26.1644501356,-11.4378040193
russian,47.5599772113,-2.16767432377
prices,26.2516421185,30.2633114154
round,-34.7757476444,13.842816752
december,-34.3033884413,39.7092499204
nations,36.7692010727,1.93920801707
'm,-7.16501986173,-20.8582321051
human,24.1526948792,-3.66415976598
india,43.9142245241,9.68657808455
defense,34.8559483315,-17.6961548191
asked,6.77501352593,-25.5840343537
total,-16.1721587002,42.7044868845
october,-33.9465217632,39.4934759017
players,-43.0424494942,4.23940362275
bill,31.3443340635,-11.5179660211
important,10.6098897763,1.54305352092
southern,2.36111221504,32.8918179668
move,14.723837914,-11.5080322629
fire,-19.3857296143,5.27126934677
population,-5.95965593075,40.4613930854
rose,28.8128517964,34.5592288107
november,-33.5161095607,38.6926895299
include,5.46313321376,6.54129158256
further,14.8797169675,-3.04821257519
nuclear,43.0847341772,-7.22173640868
street,-10.1975186826,26.8957222157
taken,-8.92574319573,3.59000808297
media,0.238049113855,-30.2611437026
different,4.21693944987,1.73602567035
issue,10.3519219779,-20.7561698854
received,-33.8279050506,6.34729293421
secretary,-0.318421463307,-41.6810026102
return,8.1065669467,-16.6082130856
college,-18.8674145349,-39.9685236039
working,-16.2156250409,-7.86216456099
community,-21.3704661315,-18.0216230213
eight,-18.8400557133,30.0115926152
groups,26.1118861555,-21.2255919793
despite,18.2733145735,-0.749907108858
level,22.6032152219,34.8625879685
largest,10.706081016,32.3053502948
whose,-14.272058347,-11.4152223632
attacks,40.2813468051,-29.6006648726
germany,42.4604090562,3.72250513436
august,-34.4179826109,40.1852195573
change,13.894037747,-5.89210872414
church,-23.3916748521,-21.0290923016
nation,8.58007544245,13.6612001223
german,49.4066847862,-0.827695453521
station,-7.83920380291,32.2931159618
london,-26.3122544983,1.49946675233
weeks,-21.3435835062,18.8097410558
having,-9.00902230862,-0.274454235166
18,-24.6535610452,42.8991208577
research,-20.2551963344,-43.8919191294
black,-22.4174759082,-0.140681353272
services,20.7029517172,13.3851834648
story,-28.3676662828,-11.6779054492
6,-26.1993298117,39.2476960519
europe,39.7416766543,4.0975422145
sales,26.8653344788,27.7241737632
policy,26.2024022864,-10.3741991485
visit,-26.2028262109,16.7738250891
northern,2.2531431207,32.6823892225
lot,-6.90159794645,-18.503643546
across,-3.2885905248,24.9812340592
per,-16.2242814567,44.4270129548
current,12.9884799814,-2.16384810163
board,12.8788173736,-35.6334455218
football,-46.418323556,4.37102184042
ministry,7.99600330408,-33.3154654101
workers,27.8129273692,14.2218960362
vote,21.6216790808,-44.8039045428
book,-27.914755221,-14.1858428559
fell,28.6615732565,34.5540120539
seen,-1.35181988079,-5.21623568375
role,-8.08775259044,-5.82533006695
students,-17.127376258,-38.5546548949
shares,31.8218051018,31.5943283166
iran,45.2888542178,-6.16853880745
process,15.640833009,-9.59413242104
agreement,34.2569279942,-5.54629835061
quarter,26.2071541201,26.5881868497
full,0.515341152831,6.8175507533
match,-40.7157069547,9.32404529859
started,-16.3696810606,13.4390774721
growth,24.2241763057,25.5404810491
yet,-0.946315999321,-8.82060972105
moved,-13.536334166,11.3759917214
possible,15.2301582307,-4.38932332101
western,2.11499307731,33.9718201777
special,6.91276436298,6.84564495018
100,-15.89937405,40.3523507604
plans,29.3614032937,-5.19110272457
interest,31.7555608705,24.8028784197
behind,-8.85288628061,5.69095268311
strong,18.5820194803,-1.96427172958
england,11.9999113302,23.4998230275
named,-20.7616044944,-9.88769797012
food,17.2688981666,20.6149055681
period,-17.0676335655,17.4354282427
real,0.453347666251,-10.1478574546
authorities,17.4376691492,-29.4076066072
car,0.284704769892,43.7588093896
term,12.6321363622,-1.07234885342
rate,23.1143237481,30.8418108706
race,-41.8990217775,16.8759578779
nearly,-16.6901088797,38.6130006426
korea,46.3868062046,12.5293637695
enough,6.45987814783,-10.4080746221
site,0.812637746179,24.1775678055
opposition,21.0361069822,-37.8267161906
keep,5.96533851867,-16.2953192538
25,-23.6918692896,42.6003592709
call,12.9153082922,-24.2789118549
future,13.9725271568,-6.10956026889
taking,-8.48763776754,4.22195042586
island,4.51874634778,30.2512002598
2008,-35.5963023581,33.2745777229
2006,-36.0060350612,34.0201384733
road,-4.55497649531,34.8399824562
outside,-5.57935442949,26.7046004344
really,-5.38073254717,-19.0942719384
century,-23.220542208,-15.2881808752
democratic,19.613082674,-41.863330997
almost,-10.2358227368,5.15388347153
single,-29.6101395343,11.0754914337
share,29.3689116583,31.0043020655
leading,-3.37850657855,14.618537494
trying,12.2672265438,-16.2302655188
find,0.0366276997434,-15.4378624229
album,-33.3484365526,-10.9522559294
senior,-3.86689180476,-41.1549188297
minutes,-31.4876439343,22.7628445349
together,-15.3818358615,-5.43770341084
congress,16.2489621481,-41.5551515531
index,31.826716042,33.8195426429
australia,40.9171137415,8.53311163981
results,14.2760249244,12.9939740355
hard,-4.21303307262,-9.56728789805
hours,-28.2491432108,22.734578504
land,6.52793814448,28.1109268977
action,23.6784935438,-14.2978414854
higher,24.918352932,32.1840418776
field,-3.05495070494,12.2326110503
cut,28.1185970003,19.0992098052
coach,-45.8718678653,2.02094932546
elections,23.982303477,-42.0251592466
san,-41.754869385,-15.6982157815
issues,25.6034362054,-5.78686529021
executive,-3.54905947238,-43.6534256231
february,-33.8693629707,39.1225027195
production,15.3260098778,17.0032526036
areas,0.892066284884,27.350042278
river,-3.12890822769,32.8843495481
face,-9.58221957991,-7.15668072299
using,12.0387008718,8.9285243522
japanese,49.7807886857,13.1240462296
province,3.68134437486,33.2540991146
park,-29.1578507612,5.98818281843
price,26.4086365671,30.1886070217
commission,13.8636383785,-36.4003273622
california,-47.5321422895,-15.2260695625
father,-25.8051796122,-28.6615612167
son,-26.242390362,-28.6604877297
education,28.572474582,0.558486060119
7,-26.3626083072,39.9351729048
village,-1.9477483179,29.3883507117
energy,25.5992426766,4.36357775905
shot,-21.8062943103,6.8260086415
short,-6.52065851835,4.31029682681
africa,41.2504756798,10.3781034188
key,-1.90291108492,13.7677633728
red,-23.0468420671,1.5572241618
association,-6.98368496823,-35.1607019445
average,-16.3172923586,45.5043387376
pay,30.1861706168,20.0299902426
exchange,33.7678379686,31.0475611409
eu,38.9303840038,1.66325996857
something,-4.4157169581,-18.0319628933
gave,-17.5964838072,4.93103120077
likely,8.63061084344,-7.15356681971
player,-43.3878664832,3.60120255462
george,-35.3303097254,-29.7766634712
2007,-35.3540644149,34.2296427859
victory,-38.418005903,16.5490887275
8,-25.7263585635,39.8935631605
low,22.9692204763,33.0608718629
things,-5.22333269474,-18.3118690735
2010,-33.8281740996,34.035553567
pakistan,44.2253981704,8.93612841349
14,-25.3684495281,42.2348638667
post,-6.1496331525,8.95491660602
social,28.1299791598,-0.298949376051
continue,11.9709554786,-11.9868913492
ever,-1.78484125056,-10.3030299791
look,-7.35301157243,-12.6857999738
chairman,-3.02153707424,-43.4492304505
job,-11.6981445325,-16.5038811051
2000,-36.7660905887,36.137602301
soldiers,42.9828677592,-17.6717822042
able,6.99844835326,-12.3025390423
parliament,13.291067181,-41.5468819392
front,-16.2805602865,2.37752301101
himself,-14.1351901785,-20.0249052648
problems,19.6504641378,-4.86066413915
private,22.0650102395,15.6349294401
lower,24.8366378166,32.8035410221
list,4.22072479851,8.75305305437
built,6.19812235913,22.1260662025
13,-25.4139484606,42.8470554854
efforts,17.5728228597,-12.4898945367
dollar,36.2261339392,29.228818798
miles,-10.6186413092,36.1977969414
included,4.60690920722,7.289019647
radio,-39.7380438835,-4.66731524174
live,-28.3854802142,-4.72585946357
form,6.96793359117,5.04136574185
david,-35.6574357148,-25.7156737254
african,9.02275153404,15.4885157251
increase,25.0844673884,22.8200918109
reports,7.45985791879,-29.90462929
sent,6.73769055762,-23.1533881513
fourth,-32.0014999334,14.8092622718
always,-5.52679294426,-16.9596599665
king,-27.758424642,-25.0460847415
50,-16.7300314118,40.5516363948
tax,30.8487264919,17.9499230409
taiwan,46.7291404785,13.5585949562
britain,40.8854403825,5.40458277251
16,-25.3684981626,43.8327692998
playing,-41.7202827716,3.51340245512
title,-39.0913112528,12.5896758592
middle,-4.72821925847,12.9179885014
meet,5.03228339427,-37.4350212458
global,31.3490345258,11.122901837
wife,-24.8803445708,-28.8313819596
2009,-34.9471114372,33.4016395705
position,-4.3764765536,2.36905228724
located,-1.42774941189,30.835621055
clear,1.5666124673,-8.81640555071
ahead,-29.2747912646,18.1137547167
2004,-36.7252181327,33.9974110254
2005,-35.9959287813,34.9203502464
iraqi,46.0701817663,-13.7329691076
english,-18.8787152882,-17.9977735866
result,16.6257402585,-0.701662040658
release,-39.3120534663,26.8839498084
violence,44.7928580658,-22.5283037176
goal,-36.2482537495,22.2999108379
project,25.585559932,6.52606959926
closed,-11.631192712,12.2897724148
border,1.63106444567,31.1612772246
body,-15.1804309474,-1.27313014519
soon,-14.5908572237,8.2381133521
crisis,23.0110330892,-5.57298537551
division,16.5528044697,13.7061036773
&amp;,15.2314772743,34.0111018764
served,-8.81989645394,-39.5493894178
tour,-28.0086778277,15.0024583776
hospital,-10.0987075164,-28.6031517341
kong,44.0821592783,15.6527143503
test,45.7738866898,25.125172459
hong,44.8126139576,15.4260544163
u.n.,37.897497834,-12.6488303489
inc.,16.0357621057,33.7101795417
technology,23.0111817257,9.95148008097
believe,1.22520327488,-16.1735814763
organization,26.2332565998,-18.9896680133
published,-27.6869366171,-17.3635284377
weapons,42.7100092551,-7.54754186265
agreed,33.4168588543,-5.96156233548
why,-0.649909543008,-18.3483856065
nine,-18.4526314457,30.5825473279
summer,-12.4193918749,24.1848545202
wanted,5.12873999221,-20.4550463995
republican,18.6909991978,-42.2641436887
act,30.5019248038,-14.6874218888
recently,-8.74831471636,-2.27696206653
texas,-47.7529332632,-14.51699375
course,-7.19683219091,3.80217063023
problem,19.8432845679,-5.63891751848
senate,16.6633887477,-42.2646667475
medical,22.0934538058,-17.0525561111
un,37.3626402713,-11.7219945955
done,-3.25953614793,-15.7784185279
reached,-12.4246979708,20.7483465227
star,-37.7226034589,-9.02449595407
continued,14.6263478238,-2.84161910515
investors,33.2818043659,26.9246716692
living,-19.3663177198,-24.6198249495
care,28.4010293042,2.51350927466
signed,-13.4404642476,28.6859095657
17,-26.0682185661,43.5595135579
art,-24.5398908303,-12.5340310716
provide,15.8703524723,7.69209293966
worked,-16.57106006,-7.14228059224
presidential,21.6083286111,-41.9590966966
gold,-47.1299760647,15.5231188764
obama,15.9693975349,-47.6396647238
morning,-26.0733660398,21.3878938251
dead,-16.3015013598,-3.50649031762
opened,-12.3223194562,12.4536594562
'll,0.323768884924,-21.0926567974
event,-43.4822855359,17.3169776229
previous,-18.6074014562,17.6204960153
cost,27.3729871145,21.1591412256
instead,5.06141995379,-3.96212367619
canada,40.4234691674,7.05653004235
band,-31.8916342209,-10.0071019576
teams,-44.1145637018,5.88441237837
daily,-1.19490625733,-32.4562535957
2001,-37.1410264172,35.4391017955
available,14.1389685598,8.44516844589
drug,29.0082380616,-25.2685512523
coming,-12.2946616635,6.76894117184
2003,-37.5948404044,34.178089107
investment,35.3076337963,22.3265944329
’s,-18.3080339671,-13.6782711574
michael,-35.9887897804,-26.138544065
civil,31.1309011452,-16.6791921888
woman,-21.3272886819,-32.211648035
training,29.5877296029,7.37772605777
appeared,-28.4536959103,-0.905343212911
9,-26.9822672649,39.9137811628
involved,25.1601747688,-16.3113725351
indian,5.6814793305,33.2134804006
similar,8.06051469555,4.00397539937
situation,21.3708147722,-7.13045380728
24,-25.8110064261,41.2883512287
los,-42.1352796222,-14.3269637053
running,-10.8898313061,17.6158320781
fighting,44.0279907642,-20.7053475418
mark,-37.2819560192,-26.0163421249
40,-17.8556941795,40.462639428
trial,27.7473974365,-32.0084081806
hold,9.15287438765,-15.3254903039
australian,-25.6775511794,-2.19465339881
thought,-1.98112237305,-13.5160004532
!,-9.92654468715,-23.5615292168
study,-19.3490080013,-44.0812362064
fall,22.3353476862,27.8824182146
mother,-23.747317902,-28.8515842004
met,3.97017592547,-36.9016896913
relations,38.3097038119,-2.12862682459
anti,22.9686622448,-22.8603486238
2002,-37.1388708266,34.8127518009
song,-33.3123180588,-10.4015286218
popular,-1.73746414731,0.738408908029
base,-2.10053097393,16.9945660465
tv,-37.9532926384,-4.65705946175
ground,-3.28617377305,17.5103530992
markets,32.1758940648,27.8937328952
ii,-23.7437377115,-9.02967332622
newspaper,-1.32791784326,-31.75148868
staff,-4.0125122355,-38.4203356272
saw,-17.0267282451,8.10347689651
hand,-14.8205785274,2.33162887327
hope,13.2076839328,-13.3110432318
operations,18.4456627054,14.6776195889
pressure,17.7958013517,-10.2556168578
americans,2.92796196767,-1.23326396333
eastern,2.07842139653,33.3997418057
st.,-39.9531612681,-17.6307389923
legal,30.3999183434,-16.6068213258
asia,42.3082362113,12.5967941479
budget,30.520449114,16.5986471336
returned,-19.5786409956,10.6208908862
considered,-1.33934019559,-1.25776677144
love,-10.6667320872,-22.0012343194
wrote,-27.4420702554,-15.9083289494
stop,13.3231276945,-16.6212847927
fight,18.7318725128,-15.1900221756
currently,2.52718022577,8.35670095882
charges,29.4662535157,-30.9397622794
try,10.9851903253,-15.4719812538
aid,32.6441382172,1.11117503815
ended,-20.6043056759,15.1349264251
management,24.0123166952,13.4669018223
brought,-14.1195056268,5.90676158143
cases,25.5377791909,-33.8985964407
decided,12.6673593701,-19.1983836563
failed,15.7999637772,-16.1654308792
network,-10.7560611201,30.757398879
works,-24.1866745485,-11.0975818168
gas,14.7667547944,20.0182744927
turned,-13.5387556281,4.34443451355
fact,-0.436020967584,-10.4534171528
vice,-2.78052459292,-43.1876164045
ca,0.670147317622,-20.2055936101
mexico,2.85511108677,25.344906983
trading,33.1950734192,30.5449349086
especially,6.41089528755,2.6747956709
reporters,3.33031309725,-32.6262177869
afghanistan,44.8153956059,-14.3638029312
common,8.63123581788,3.11229029268
looking,-7.14643742204,-12.5177230793
space,6.16632266325,19.3470690513
rates,22.8983537569,30.7833197784
manager,-41.6603020429,-23.2005764112
loss,17.1115960085,40.5538169695
2011,-33.8500453018,32.752246406
justice,24.417544815,-29.1336319803
thousands,10.0103542894,36.0189437602
james,-35.3780545488,-27.3643059134
rather,5.82375094755,-3.71629691556
fund,34.5569113652,20.7428589017
thing,-4.75653803439,-19.1187884711
republic,42.7595590329,1.53598122038
opening,-26.580792628,13.7567276435
accused,30.6274878566,-30.1357744211
winning,-39.0753290136,15.0567237022
scored,-36.0181676764,20.7017413156
championship,-43.0940327315,11.6437721998
example,8.92908356332,4.57849685237
getting,-9.86451012573,-17.5807508234
biggest,10.9065619457,32.0681412209
performance,-31.6320114029,1.24479078472
sports,-47.7312668521,7.64275265648
1998,-38.0653913003,35.3208585787
let,2.77071708744,-20.0864055002
allowed,10.1882927608,-11.151483871
schools,-16.8532003127,-39.9693438784
means,7.55980680949,-4.65868705169
turn,5.21737957251,-5.20470633898
leave,7.05641210428,-17.0714147302
no.,-25.5100385254,45.0858844389
robert,-34.5814105378,-27.3806154626
personal,10.9605801072,4.81332339111
stocks,31.4553138395,30.0622086126
showed,2.28002576508,19.9534403688
light,-3.50606136936,19.0738376428
arrested,32.8396059807,-30.130359329
person,-3.0074627596,-23.7779709568
either,4.93774767169,-3.70244389661
offer,18.114642451,5.4423287946
majority,21.4270444835,-45.6542534983
battle,-10.152111015,15.143988259
19,-26.7724309138,43.2650998483
class,8.86028578624,6.50746485993
evidence,26.6499143831,-33.7572967638
makes,-9.38912163203,-10.3859071376
society,-21.4068586632,-17.069410171
products,19.1854099885,20.9138995606
regional,3.36878022487,35.6610331275
needed,6.82615371105,-10.3575153877
stage,-27.3579680297,12.1484870069
am,-8.11410578498,-20.9706771729
doing,-3.92567811332,-16.638337481
families,-18.2054392607,-26.2413882174
construction,8.80995952325,23.8447457098
various,4.38851984087,4.48503612805
1996,-38.1904695675,35.9688258466
sold,15.7232062846,27.1621108407
independent,-8.80454116848,-4.41140695909
kind,-4.96083847194,-15.8093061401
airport,-6.48526431668,30.7557842422
paul,-33.8665289196,-25.9296626481
judge,24.0490227145,-30.6857507686
internet,25.543408645,10.8757602553
movement,29.8379322962,-20.8826170908
room,-18.2214709843,1.92726719288
followed,-17.990623255,14.7058832447
original,-26.1367910343,-7.98338595484
angeles,-42.5655397487,-14.6682628314
italy,43.1180642626,4.22497722475
`,-9.07762927173,-23.0312162702
data,18.1209271551,10.8245271682
comes,-10.6992830421,-10.3813223007
parties,18.7613777498,-38.3826494042
nothing,-2.65179187007,-17.0198272117
sea,3.9718150687,28.8924694733
bring,11.3780960709,-13.5311982629
2012,-35.3485775553,31.8370306759
annual,-20.0643937688,22.4528621133
officer,-5.23462943879,-40.2671704151
beijing,47.6806246418,14.3434263457
present,-0.736580670357,8.0719551312
remain,-4.31461639545,-3.64536911927
nato,39.2301669782,-13.6671586444
1999,-38.4518486771,34.8155475561
22,-26.1443903398,42.0272906707
remains,-4.16011574611,-3.89951735412
allow,10.1624098289,-11.8741451256
florida,-47.7008942067,-14.5575431737
computer,24.1593194891,10.7860607912
21,-26.2864716711,42.7471756225
contract,-13.3831919542,30.4992582698
coast,4.22014516244,31.2633084289
created,-4.57582690722,4.88030309483
demand,22.6031149279,24.212935058
operation,28.5487588281,8.21924189421
events,-43.6925775421,17.7368648252
islamic,48.9287780495,-18.316669181
beat,-35.7614705836,15.85818789
analysts,29.3140992901,27.5818714206
interview,2.01231039749,-31.7817662316
helped,13.7650992792,-14.9556526067
child,-18.6143767307,-28.6618948067
probably,-1.28644639628,-11.9586478406
spent,-17.2638368487,22.5398969229
asian,42.4220524563,12.9767995856
effort,17.4188733993,-12.718480659
cooperation,37.4838044391,-1.76388169253
shows,-30.6289886105,-3.55132071126
calls,13.4022203029,-24.3434443136
investigation,27.5132308948,-33.2248679778
lives,-17.5629283483,-23.8915870989
video,-36.2610558055,-4.91413708439
yen,36.1014421077,30.0671573537
runs,-10.9060820353,18.7085998694
tried,12.2028110469,-16.4563738587
bad,-8.38258713228,-17.5456628238
described,-12.7026007825,-6.43591558477
1994,-39.0786888049,35.7253188366
toward,13.1042889973,1.74339903629
written,-26.4963351119,-15.6639758713
throughout,3.64795112387,13.0458988806
established,-22.3175503652,-7.15975670389
mission,38.8312992666,-16.5958572148
associated,-11.8949982668,-7.79190396914
buy,17.7902309096,27.4395880351
growing,10.5186704642,19.2336191818
green,-22.6186891781,2.02118487381
forward,-12.7898239723,-0.439516572987
competition,-46.0078737928,9.17240936337
poor,19.5022818981,1.15700808784
latest,2.74801442289,16.7745449505
banks,34.7314568474,25.0760197542
question,9.32506985033,-20.5233481516
1997,-37.8232789152,36.4518752728
prison,31.4077444488,-28.6492734108
feel,-6.32682724208,-17.6470574048
attention,16.8117173602,-5.78935588996
themselves,2.44556257384,-2.57206868878
firm,14.541984151,30.5085124714
injured,44.5848379971,-26.5295596146
itself,1.81385927187,10.0156603083
governor,1.78202305175,-47.1586643706
movie,-33.2063572717,-6.19198841995
range,0.152677024755,16.7198142919
cross,-7.34295060543,15.3718760605
track,-9.19258293237,20.9069367207
programs,28.6713140395,5.31402673311
1995,-38.8018715307,36.5942218579
forced,19.5519644334,-11.7539982824
includes,5.84146490145,8.33628273977
difficult,-1.0018550715,-8.88969454624
produced,-33.3576401401,-3.6823005377
wall,-10.3063432301,26.9185444568
rebels,45.1323983379,-18.3291835359
income,27.7285970094,23.5499878214
corp.,16.0196681401,32.6569496195
chance,4.41248897008,-11.3843361636
elected,12.6433185859,-43.332502734
23,-26.6896698121,42.4260263686
reach,-11.4842952393,21.0775314776
adding,11.6257441675,-7.55674495127
species,10.3000080972,16.9815850897
wants,5.05011241994,-21.4678626334
finished,-33.8688440677,16.6799002747
rise,24.1998472982,28.1400670854
killing,41.2687252938,-27.5182622595
spain,44.2790640455,4.74838254508
joined,-22.649038116,-5.5560933012
italian,50.4460798879,-1.22871298769
language,-18.1011044786,-16.7847039029
rest,-11.6952937012,4.85886768013
serious,19.173783952,-5.63246856994
paris,-27.0929439113,1.75487471324
tournament,-42.7240646578,11.1873545697
officers,34.4172851569,-27.2933011513
inside,-16.434060427,2.93872308836
scheduled,-23.3802981909,16.1847763632
immediately,12.9985400375,-21.4475729501
increased,24.396816804,23.2125294501
brown,-36.9102041253,-21.7499048045
remained,-3.83113478894,-3.26031037146
parts,4.40651851162,14.7677529498
success,-30.8639878444,1.80409970672
changes,13.8573160412,-5.44131485003
la,-38.4437478606,-14.1942545136
residents,4.59914207893,26.498812156
meanwhile,12.0165055562,-7.85492901577
net,26.970810628,25.8290142518
sides,34.6436085063,-2.17451771096
jobs,28.3504880557,15.0732797965
hall,-29.2118444234,5.29385264347
believed,-11.5248595183,-3.69428317082
olympic,-44.1541131295,14.9903593165
deputy,-1.59057162685,-41.9788575151
records,-31.8492546871,10.1548198471
heart,-13.7356873626,-9.31321210264
champion,-41.8264652011,13.2631082632
award,-34.9767393517,3.98053160507
planned,28.8293171986,-3.94369388409
version,-27.2178028509,-7.45216263276
grand,-38.0895410807,12.266578389
institute,-20.4030074977,-43.3830258039
step,14.8414822993,-11.3397020178
democrats,18.9025386934,-43.5957106352
rule,32.0719460815,-22.1874663398
labor,27.1020543319,-7.69259394721
above,22.8491330663,37.5006550699
summit,4.93335037594,-39.2453740194
sometimes,4.77323837279,0.0273298635691
addition,7.76627048799,7.96009099235
raised,-6.78500421754,12.8787927426
william,-33.9865050469,-28.4112718723
needs,7.746265034,-10.5402231541
26,-27.1262833675,42.0263612393
talk,-5.00236430705,-25.1364234027
longer,5.88591517944,-2.8927828629
terms,11.7421716653,-0.280487425332
rules,31.1413872929,-13.9164421246
ruling,22.079566904,-29.0068009997
joint,31.149658867,-2.75485364858
ball,-23.5118459774,8.35809699305
beginning,-15.5485439554,15.5566904144
sure,-2.26525512576,-19.9628778223
28,-26.8257922538,41.5096240771
stay,6.85232057474,-17.0384009662
safety,24.6924975776,-0.0535337926171
worth,-9.95258830122,43.688622386
charge,28.8147777005,-29.3253427564
korean,49.6979712631,13.1350522914
begin,-14.2279611558,16.1199377453
arab,49.9892857008,-8.90001350075
27,-27.4142120558,42.7665527717
friends,-21.7827032474,-27.0625945566
anything,-2.67240357324,-18.4754790911
atlanta,-43.66365714,-16.7063164105
caused,21.5708662806,-3.43911522905
sources,10.5979426912,-31.0969759126
sign,13.326778936,-9.38147988415
issued,13.251468559,-27.248533593
armed,42.0784721978,-18.7113375071
cents,29.8572959031,36.5709610902
funds,33.9957979731,20.9276416669
claimed,19.2586825486,-24.3485589629
heavy,-3.50315210964,19.008479421
noted,-12.138796632,-6.78385480685
parents,-19.3904739174,-27.6090287474
spending,29.9695050312,17.0456951468
e,1.49440772055,-27.2368423797
related,10.7238489051,3.00882546896
offered,18.0316268138,5.45812729018
particularly,6.45805351859,2.65189787263
aircraft,6.36607960002,43.0043106335
whole,-7.82587498637,-8.16716668925
60,-17.4579759116,41.0911583216
authority,27.6928276063,-14.883815351
risk,20.7665267347,-5.47545518208
cannot,8.76540342842,-12.4887799749
matter,8.53234213998,-20.5225271418
science,-20.6142046327,-42.9942150899
access,16.3257515089,8.44028791541
boston,-43.0533201109,-15.7281677058
conditions,20.4177384478,-0.644123161369
details,12.2204390836,-29.8797332242
coalition,19.5965566307,-36.4538257396
compared,-16.4981090857,46.1344296061
lee,-34.496474588,-23.9423723635
break,-13.2236779357,14.105110751
turkey,42.8576776542,0.428346397419
daughter,-25.4865224481,-29.6138259393
natural,12.2792164151,17.0627134216
museum,-28.1662511825,4.15607432256
strike,19.7704975046,-13.348204938
style,-21.8415783005,-12.9350363965
paid,-8.95008175134,42.7604389994
rock,-31.7284932609,-9.91895449238
costs,26.7705994746,21.216139323
view,9.3450021508,-3.01055239931
usually,5.61459254655,-0.286136504667
spanish,50.0340319998,-1.45068658108
royal,-24.8120648821,-4.03403779114
travel,14.6560936594,10.3696496499
takes,-10.6250771766,-11.1529000258
books,-27.2877576903,-13.5007913342
smith,-35.7259350901,-24.7347199751
chicago,-43.326253139,-14.9683166562
systems,21.1879443448,10.2268048152
arrived,-20.444306578,11.1375495041
hundreds,9.99587229327,36.0140930598
'd,-4.54526032224,-21.360869946
hour,-28.588597373,22.7113713408
response,22.8765747441,-12.4470901279
developed,22.1945258838,7.01874659513
jones,-38.1744850562,-25.861225296
potential,16.1080930312,-4.09040803839
cause,21.2046537934,-3.84581406824
value,29.556934788,24.6695793691
idea,-3.07571366483,-13.3841703016
thomas,-33.8130195422,-26.7363090252
&,-19.4911400319,-13.5048261223
professional,-43.5505387701,2.21841717769
domestic,23.1481520294,21.534265524
credit,33.5785196764,22.3004361073
changed,-9.19426641461,1.54921840493
gaza,51.3965272609,-12.1960330449
married,-26.7509999153,-30.6337361944
co.,14.8935668428,33.0418919181
launched,-14.6651205109,26.3672402618
web,25.7552612711,10.8591670329
p.m.,-28.914810985,27.0253592287
muslim,48.6362692146,-18.64220297
source,10.5123270797,-30.4992223911
everything,-3.62492552476,-18.1735753184
weekend,-23.2389646531,20.4173953002
camp,-7.39945863528,23.6919780091
quickly,-14.2015808111,7.48150568343
owned,14.0550458212,27.8472288119
finance,35.7709185844,21.311541569
palestinians,52.7672190701,-12.6199052338
eventually,-15.2016454313,7.75888183841
measures,29.4712458495,-9.71294548226
cities,-1.34899401454,26.6952411113
afp,5.01723665588,-33.0024064467
blue,-23.6189004889,1.50346044211
richard,-34.6766534782,-27.0819867594
starting,-14.5126656841,15.1781009658
ready,6.47448055672,-18.6257345942
plant,13.503273199,18.9317703674
build,21.3769772746,4.60055264148
designed,12.5344145999,11.4065006031
certain,8.70459143253,0.955735678653
voters,20.7411357048,-44.5480624285
modern,-21.9017845434,-13.6612312007
fans,-38.9613183685,-0.140826638364
commercial,21.55666535,17.1344572152
bid,17.9828852491,-17.6502214273
provided,14.899924738,7.55202193697
constitution,31.9126597756,-23.4126136206
dropped,27.7438575656,34.4012691653
brother,-26.6934593687,-28.2978271709
canadian,-24.9627865051,-2.12274321508
drive,-8.58785140038,18.3819308936
goals,-36.2807073405,22.2951508332
negotiations,35.2976143398,-4.71120348234
affairs,-0.789660450845,-40.1916987802
unit,17.1234976437,14.1861963955
questions,9.30711634364,-22.4738061296
significant,15.3444414178,-0.768416637063
create,20.6605196785,4.10351892673
bomb,41.6916135104,-28.9539751452
warned,21.4959057587,-12.9416749313
religious,28.2689925495,-22.3931095095
minute,-31.6879912912,22.8345161376
figures,3.95129248393,18.7630120983
victims,-10.7209406147,-31.5727041521
condition,17.8704397429,-8.34581900341
activities,18.0589311092,2.82401180209
upon,7.86765398731,-0.778018257331
leaving,-16.072197951,6.28921165776
experience,-10.7156743657,-14.7696217556
=,-23.7728093023,35.3326078144
attorney,10.4789330574,-47.8178718645
standard,10.3110218214,6.89138133306
proposed,31.0756582257,-7.4566767765
intelligence,35.5225126185,-16.323900771
giving,3.48233473276,-5.04661188021
hotel,-6.42697597033,29.5187712589
finally,-15.3060558132,8.73111716874
magazine,-29.0394633551,-17.2884217772
whom,-17.9739240663,-31.7130307766
experts,14.903169437,-21.1006073288
moving,-7.40938115232,9.62106897692
quoted,4.93278564953,-31.9335967708
baghdad,46.8250883125,-13.7458737993
carried,-10.5336028835,2.55092182617
feet,-13.8750976909,34.7887279617
candidate,21.0260045861,-42.4366737554
fifth,-32.1653111669,14.6218453785
highest,21.0333039683,35.126313228
lake,-3.1789833506,32.6519283234
employees,27.7315382828,14.2047088531
sell,17.7297345531,27.3346464934
pacific,4.98382769895,37.679926431
31,-27.8196360981,41.4006378286
mostly,4.99530258409,13.3546590265
reason,-0.156682689175,-10.751008562
flight,5.04334179249,40.6093707449
square,-8.06566412327,28.3906822914
overall,19.1940580422,35.9845584179
1993,-39.5361519191,36.1004784621
design,12.2367598765,11.5388021325
passed,-16.1409971032,10.7301515031
focus,16.7730700418,-5.88163981858
bay,-29.5048509057,7.91657668727
dlrs,-11.1310018702,44.2587705495
date,-15.6278846279,17.2036075799
letter,13.2167256038,-26.9107497291
1992,-39.7383307826,35.3764670084
wide,-0.222099892416,17.3052748827
effect,16.1851648489,-1.77565135967
charged,29.7830896477,-30.2282980348
29,-27.9626711479,42.3774412128
phone,3.16487239697,-26.7986938063
figure,4.09441838518,18.7253274305
attempt,15.5337387589,-16.2007923916
claims,19.3073572959,-25.3291482905
below,22.8752861483,37.5119420347
profit,27.8262498766,27.3807579127
200,-15.0920098473,40.2059292039
industrial,20.8035255501,19.226858553
zealand,40.8982019696,8.56023511212
estimated,-14.2323484725,42.7440935622
traditional,6.15698024672,4.11112516447
size,8.04840160967,17.808760536
practice,-1.42074383972,5.94733699775
cars,0.597275670033,44.8409946667
double,-30.453371222,12.8984607731
2013,-33.987523744,31.4794828792
pass,-22.9612129392,9.60421973837
hands,-14.1290400491,2.11532506596
professor,-20.9534854202,-41.5631406666
student,-17.4627700531,-37.7896072784
concerns,23.6795486581,-6.81986480856
refused,16.3067842496,-25.8747563712
sector,21.960431786,19.9682697646
review,13.7692193254,-32.8936741024
homes,5.85143842367,25.6633620488
disease,23.0886972556,-19.9984180955
kept,-12.8407805287,4.55442296172
terrorism,38.717532876,-31.9869848187
online,26.1687558077,10.8384778227
speech,11.2339938521,-23.5597373595
peter,-34.8202067754,-26.237226783
culture,-20.8744736905,-15.705973201
reform,27.5352657111,-8.82705917963
founded,-22.3760033671,-7.53462087305
ordered,26.2572475515,-27.1050013577
successful,-30.6155975494,1.94860628616
arms,41.9827273675,-7.87437151363
charles,-33.9123971352,-28.06805642
conflict,43.8286741575,-21.0450018443
limited,13.2322262794,6.98584977001
material,9.92268945773,8.92766749429
trip,-26.1416548584,16.0665923406
property,10.0068950842,26.2852054704
paper,-17.2652984569,-19.6645486322
threat,21.8225134813,-11.1413821799
seeking,16.7397535952,-19.233095053
concern,22.944232523,-6.63362140381
confirmed,6.70984301174,-31.4097449019
1991,-40.426095953,35.4212311851
plane,4.89207562388,41.9617375823
route,-4.77098125573,35.8750274945
completed,-17.537117274,25.0528524547
jewish,-14.8735519232,-25.0975085608
williams,-35.8177969538,-22.5137997972
someone,-2.90142360717,-22.5805175807
hill,-27.7616122595,6.86909620622
comment,9.78892614985,-28.074276919
numbers,2.30393179923,5.37123653407
ireland,11.9466969768,23.0137527173
taliban,45.7406822692,-17.0608692987
huge,11.6582070981,29.7602725873
johnson,-36.0445460988,-23.6385620693
mayor,1.77639952815,-47.1989511393
husband,-24.8034961601,-28.7735243354
—,-18.8979060446,-11.8942468202
mass,9.50273776466,11.4662307358
lines,-6.59894373113,18.0765213999
premier,5.06822857482,-43.8544117493
soviet,45.4616567565,-2.15675894311
cover,8.74461035551,9.46350504954
couple,-21.6909738235,-26.9234437917
positive,15.1794932218,-7.77178614112
complete,0.593088247123,6.8800445119
non,7.92757047623,-4.78153819681
republicans,17.8705972492,-43.8554816638
mail,1.66583509113,-27.2137982646
crime,31.4924443991,-33.9152273024
moscow,44.6079947709,0.893801385139
brazil,43.201299445,5.79073812834
0,-23.5893452154,36.5197704117
dr.,-31.5601355088,-29.3411042816
kilometers,-10.3674528375,36.9386243958
stand,-14.8607475588,0.743148405011
formed,-22.5967797312,-6.21195034155
seems,-4.23125305485,-12.9441855584
felt,-5.20545791158,-14.1639797093
separate,1.52090412176,11.7602444096
amid,20.95556411,26.0976532643
stadium,-37.8472227343,6.57545361087
singapore,44.4702539707,15.1591779478
speaking,2.63654332369,-34.3842938559
hopes,14.5512512136,-13.5884336458
leadership,19.8450568305,-34.6520936224
emergency,31.71336235,1.73515466381
declined,6.26490319581,-27.5667616109
treatment,22.404795718,-18.5851203484
cabinet,7.48466995763,-42.7089593066
tell,-0.35090088966,-19.3527609445
straight,-33.6613741588,15.3626345189
tokyo,43.3876088362,18.428902155
winner,-39.9820323576,14.7573388031
ban,22.2562619548,-23.7957327253
session,-24.1588945606,17.6919716551
serve,6.75585359499,-6.75443988301
progress,15.8196227399,-8.70873420349
wo,3.79201574395,-18.7508897517
ship,7.32563226039,41.8238588206
projects,25.3476454119,7.27523140211
independence,31.7822178994,-20.5645444406
appointed,-1.64636133435,-44.9495691159
words,-15.9551395468,-17.0354153268
recorded,-33.5017869638,-2.14823898783
terrorist,38.7318193496,-31.3933310268
christian,-22.3192119541,-20.8914068731
politics,19.1907121911,-32.0717099243
studies,-19.3619681165,-43.8873515613
sense,-10.5681097698,-14.6444642056
plays,-40.7383818033,2.39385236095
militants,46.0484625158,-17.1953023859
holding,-13.1032470312,1.49558964001
500,-14.7449772862,40.0812395046
regular,-13.549915166,17.5920318874
required,15.1800555134,5.47089618414
lawyer,10.4548059902,-47.8157348863
word,-16.5624986377,-16.7420805484
debt,33.466478243,23.2212018923
guard,39.0452688765,-20.5469408955
wounded,44.3614048,-26.2740075232
candidates,21.0387824316,-43.2872938456
assembly,13.1425112236,-40.7594836361
expressed,9.86205893524,-25.7977587106
character,-28.6677665431,-9.99959020708
pro,22.4325384172,-36.14959313
fuel,15.7845769748,20.0478044695
martin,-34.4979257012,-25.1298767221
supreme,22.8075254116,-29.6806656337
broke,-18.628371836,8.77380983795
ministers,7.53291929914,-40.7177659458
everyone,-2.95374036785,-20.5425620704
actually,-0.936558542405,-11.7710336534
equipment,17.268934207,18.2573735848
additional,14.9878158747,6.23167202183
sept.,-28.27453477,44.6203296768
denied,18.0232874972,-26.6590241904
“,-17.8117601026,-12.9445720754
friend,-25.1301145856,-27.5856957294
features,-29.525186306,-7.55866100661
levels,22.9226445344,34.7814482403
approved,32.11227602,-8.57778292483
greater,15.3637596577,1.3746023921
port,-5.55330674131,31.5555105991
ethnic,47.6200223226,-19.9058881757
status,11.0246918382,-1.87741148776
primary,7.82104401432,8.0143436561
amount,29.3877359665,23.1305736653
”,-18.2621652794,-12.8825734336
ways,11.4996610181,-5.43441558229
ran,-11.1104537447,17.2057815863
debate,10.5016778968,-21.7745112889
model,11.455459083,10.905580784
decades,-14.7699968045,20.9032967943
places,-1.13834601338,25.5978724379
individual,7.50127403273,1.26384944198
festival,-34.9289458822,0.310555322464
previously,-9.73239705502,-2.66422346426
join,13.6331537339,-19.1811380965
w.,-35.5512715356,-30.237704465
insurance,32.8502275585,18.5208322659
goes,-10.9575055362,-11.5820164495
impact,16.8491868647,-2.37109904805
urged,21.3833522651,-14.5819880301
heard,-4.4559319401,-27.1487171116
placed,-9.17656045358,3.48462228044
centre,-25.6723009188,4.39338033232
illegal,29.3328527873,-27.7459585315
fired,-19.6590692529,5.61324604162
indonesia,44.4048360186,10.85598743
damage,21.0059458424,-2.92742494032
responsible,25.6169726984,-15.4529026806
message,11.5686184343,-25.0693586119
baseball,-47.6806228831,4.58242410499
ties,38.7715270502,-2.10103390668
true,-2.67716562349,-12.0290142591
originally,-25.4559302216,-7.65259207142
challenge,15.2311040858,-11.2292822153
prevent,20.1173083513,-9.7212920741
filed,23.1261904085,-32.4659001669
captain,-37.302879279,-27.6320660218
entire,0.744030836553,9.02023492979
supporters,22.8800884631,-37.5895420531
blood,-13.7587089856,-9.32728167415
1990,-39.4209405892,34.7104176323
territory,2.47349065595,31.1310344948
housing,8.10780514735,24.867848389
valley,-2.33887172358,31.8515361731
product,19.4772615994,20.4115272025
conservative,19.7184666916,-40.3906943796
van,-32.412784602,-23.9079798247
earnings,27.8405772588,27.4706536577
proposal,31.3884417733,-7.26628192387
protection,25.025916541,-0.77590798055
read,-15.9240060611,-17.6218397965
foundation,-23.4220402157,-17.450020662
el,-38.8021091795,-12.9058800076
search,16.2988073611,10.8414998213
names,-18.3456903503,-9.4180026182
train,0.609649902059,41.265069837
discuss,6.36126873907,-37.6774168815
perhaps,-2.72863065774,-10.7388717545
journal,-28.6199414746,-17.9754432271
raise,29.1067409096,20.6829116506
murder,30.9185478897,-32.0165795444
address,12.0303080717,-23.9869317122
operating,18.2960496862,14.9575592832
olympics,-44.130246087,15.0259130806
deep,-0.730980191357,19.0381010808
settlement,33.0488897062,-3.90678869299
simply,1.17563467272,-10.8666721041
nearby,-3.87334026069,29.1259442112
relationship,-11.9754826532,-25.4419787853
cash,32.2175044783,21.6354962265
alone,-11.3706570932,4.7483305325
hamas,51.4884969844,-13.3830620161
laws,30.9142779917,-14.6811686754
target,0.31223090535,16.1606283994
analyst,-39.6674769595,-28.9890691507
buildings,6.69146064301,24.0094126335
newspapers,-1.35122517652,-31.6428518857
lack,19.0817148595,-0.29125773754
consumer,23.7886913382,19.8393299404
direct,13.4865596281,4.12224887299
twice,-22.2295663683,11.6808003532
self,6.23205700389,-4.1087968307
beach,-29.0317293004,7.26240701454
zone,1.22442079502,29.5220768987
songs,-33.3953882086,-10.2354843715
scene,-22.5657098674,4.3192139595
communist,33.9334765167,-21.0683461042
afternoon,-26.0240797903,21.4908824513
units,17.104487629,15.2302482322
necessary,9.12608610648,-10.3128387826
navy,38.7740776389,-21.1699689704
quality,21.3204187666,1.56742497446
sound,-15.883578952,-13.5347254849
protect,25.1071556902,-1.4867476751
spring,-12.6960035863,23.367269108
missing,-16.3431885615,-3.12326787567
criminal,29.4462657859,-32.3193459258
speed,-8.31359394297,20.3426876401
confidence,18.9891282923,-2.54422520883
selling,18.0079410804,25.6011071292
beyond,9.3533643579,-2.96964038682
software,24.2693601589,10.8589404204
democracy,30.6755359937,-20.5143462514
francisco,-41.8545027101,-15.663182185
section,1.09598803457,13.4030988434
matches,-40.8628366783,9.24512190501
basis,11.8018232209,0.0169946705569
knew,-1.7977973584,-14.7224379576
suicide,41.1017321965,-28.1348594436
resolution,35.6956529554,-8.7151697257
calling,13.5076992515,-24.4103678026
remaining,-8.72187613737,16.2662113935
gone,-12.1632756116,5.67498475763
powerful,-10.3579936407,-5.25993577757
losing,-35.1979852435,10.8241782516
account,10.7207691525,5.08337734131
votes,22.0806103116,-44.7484166878
georgia,-46.0089565555,-11.0907915694
god,-11.0665805655,-20.3812933659
s,-23.5389332676,31.173543945
commander,37.8341941617,-18.6691479676
euro,37.5484460163,28.7416594123
rising,24.490583525,29.1323726727
catholic,-22.6844606455,-20.8630273542
opportunity,4.96639186015,-11.2525328805
resources,25.1650708611,3.45488118779
writer,-30.4025884708,-16.1129510395
awards,-35.0978627729,2.66646461049
expect,8.76545256022,-8.61972521069
anyone,-2.23537071703,-21.9501434281
send,6.71658402842,-23.0457514116
active,2.54046186993,7.17047015215
claim,19.0215964601,-24.0614727821
suffered,15.7699295998,41.5150393702
alleged,30.6268347886,-30.8398720169
alliance,18.7396324971,-35.1552281941
host,-27.1123301187,11.6542600877
declared,21.9448289219,-26.0553622322
injury,15.2642151572,42.3305983936
type,8.97352282345,4.92079239815
planning,28.039787135,-4.32287349127
b,-22.7841112115,34.205698021
environment,24.8986630548,2.78315683396
sites,0.820576128793,24.162663804
protest,24.5663941634,-24.2109991036
drop,23.616815891,28.0637145562
suggested,8.5340962006,-25.2686742189
stories,-27.7136095626,-12.0213029493
sale,16.8597521525,25.9936470621
headquarters,-5.83390530004,27.4990570902
rebel,45.1499661713,-18.3772154024
avoid,19.9788841696,-9.71328834289
improve,22.4567607258,-0.239756418523
consider,9.9254251867,-18.1659515595
stars,-37.3031230644,-8.68118022779
citizens,25.7413135146,-2.58004196072
attended,-24.1304222902,-37.5783846407
currency,36.5162280862,28.2451769175
generally,6.22410448888,0.533655330244
appeal,20.5533717358,-28.4685658111
older,-16.2714032986,-29.9798635699
vietnam,46.4902589443,11.094147764
lived,-19.7787415793,-24.4256191192
seats,21.6792341792,-48.2653475722
happened,-0.694960804355,-23.9564341111
thus,7.89612455323,-0.719785540882
incident,-5.56899560979,-30.2502397719
ap,-26.1137357996,29.885486404
floor,-18.4864962832,2.65553152083
largely,5.37401751206,12.3193297757
x,-23.4301369343,33.4151103415
developing,23.2198808029,6.14845493191
approach,10.3985780208,-4.31779184393
films,-33.7167864403,-6.55382921563
mike,-37.4562807986,-23.5406599274
historic,-26.5955078662,8.25139899603
businesses,24.3577354967,16.4991768696
era,-14.8622262111,19.7095516736
gained,29.3981340556,32.7986776397
bit,-7.20378584127,-15.852423102
tough,-5.57699279992,-9.32142905675
traffic,-1.20167217586,39.4959119941
inflation,23.41764062,30.1916579639
egypt,48.4215359836,-8.65387183338
telephone,3.42592560335,-26.8330727961
moment,-4.0214494759,-14.5333436246
winter,-12.1109153903,24.2493783721
suspected,33.3890941902,-30.3807128582
drugs,28.9756058577,-25.2007553386
debut,-35.3523698426,30.3085594861
fast,-8.02993066585,19.7812798773
boy,-21.5582164454,-30.8352971732
worst,-15.1675506029,23.4036047015
km,-9.3611538239,37.175348519
railway,-5.71780362449,34.8005171366
arrest,31.8007454886,-30.7624630078
mountain,-3.33700837129,31.6787560599
store,14.2019594415,24.861348606
famous,-22.0999571622,-11.2585052285
tom,-38.0005177378,-24.0072525342
patients,22.2557302261,-18.6930171859
70,-17.1642048253,41.3846333589
championships,-43.7465978194,12.4013366882
reserve,19.1127903994,31.0620919027
carry,10.4963894936,-9.53348788639
weather,-1.83238615208,22.6340160353
thailand,44.7102964751,11.068378971
greek,49.4309593888,-2.277187049
concerned,22.4378815741,-8.18323903419
finish,-34.0512577751,16.8961786445
command,38.9528256004,-18.2984622984
critical,17.76889913,-4.10806185787
hot,-4.38963514792,21.4671749977
lebanon,48.8508923705,-10.0106047132
channel,-39.6863123137,-3.97310821205
census,-5.15986047747,41.1560299667
houses,6.48362517244,24.2850553767
female,-19.7684108172,-32.9126508412
seat,21.5534886418,-48.6859027811
vehicles,0.594717440425,44.7540068794
spread,10.3409192326,19.2221929208
aimed,24.0566569484,-10.3468211679
freedom,30.043965521,-20.0847976614
medal,-45.4419865954,15.0339921624
saddam,45.453733718,-12.4152857042
losses,17.8416709836,40.1049875237
bridge,-5.12314029103,34.1890061983
representatives,10.9116801017,-39.9065104222
saudi,48.626674718,-8.39400264187
co,-30.9430265851,-21.7876850522
80,-16.7044302016,41.5680761677
supply,16.2841482529,20.3017344762
cancer,23.0793771042,-20.088316454
turkish,48.2597445654,-3.44166251512
writing,-26.0790511118,-14.5363751511
appear,0.346954443942,-4.13214461171
revenue,27.4750932814,24.7859240309
decade,-15.6285170287,20.9010195361
receive,16.6335891895,5.49523518464
score,-34.8360078796,20.4838843706
fear,21.5444247138,-9.70016794369
securities,34.5346811974,26.3980101416
ability,7.08181317935,-8.64798857596
appears,-5.05552662757,-5.76733737628
crimes,30.1045434815,-34.0913215909
retired,-8.09846738426,-40.766071669
customers,25.3790805815,15.4089315815
sun,-5.91401059506,21.199872258
becoming,-3.99496019963,1.36510901101
champions,-41.8784392653,12.0228862623
gulf,6.90541821891,31.2378193501
gets,-11.090113456,-11.9358651534
virginia,-48.2345610562,-13.6020489583
corporate,25.306419951,18.6106413988
introduced,-25.8594369022,-5.97845517208
academy,-20.6313727082,-39.6203271206
particular,9.2660580336,1.77266529495
survey,3.91492088682,21.1339172184
easy,-5.41931232744,-10.7192341921
mainly,5.74926127991,13.8618644384
choice,3.51557795093,-5.18363537796
mind,-4.47472769323,-17.6391774409
hearing,25.1792644041,-31.997066893
35,-19.3854226819,41.3370624698
add,7.66147848225,10.771229199
reduce,25.7242912667,21.8951272145
directed,-34.6688731822,-6.99152514519
replaced,-21.7980916801,-2.84567648337
native,-20.173555632,-22.938351335
assistant,-5.85405502002,-41.5603603258
arts,-21.2919381424,-39.3223764014
seconds,-31.6262242765,21.5177597866
crowd,-37.9986218151,-0.252913770568
complex,7.6877924892,20.5854506219
quite,-6.39379796444,-14.8142229706
poland,42.786016915,2.82012253192
entered,-19.1329106107,10.128522784
dutch,49.965744761,-0.628490417132
responsibility,25.5764012785,-15.1224893012
crew,6.29491432784,41.094803516
fine,-1.70581146984,4.73768889078
pounds,-11.8506536001,42.9490669423
environmental,25.515868011,1.62083579804
subject,9.99119871815,-0.0888031506926
organizations,26.3603960264,-19.636321093
jersey,-46.3579906005,-13.9913103887
kosovo,40.7733068736,-13.703528565
mean,1.3401898675,-12.4966681421
serving,-9.17264512885,-38.9290707924
cultural,-20.6252911247,-16.0799247594
ten,-16.8921037648,31.2769018556
seemed,-5.18077158731,-12.6143081427
draw,-37.7181997491,9.71880699583
bus,0.335820483752,41.7587964551
yards,-16.4875895373,34.2043467692
cuts,28.4643568778,18.6455996704
produce,14.2344729668,16.516442396
ask,3.77926810121,-21.1902824566
voice,-15.3253261924,-13.9497086126
degree,-18.210395866,-43.2871671117
author,-29.8418777532,-15.5072109391
watch,-2.89359964913,-20.8569170068
lawyers,26.005975565,-30.7729862534
ice,-4.63413772723,20.5735784188
legislation,31.1139622418,-11.6804303956
collection,-25.3397256639,-10.8047412696
presence,-0.967323179917,-5.1271102735
shown,-30.3837961718,-2.65294723486
listed,4.23589152324,9.20440696988
critics,16.6586449565,-22.3846682426
rejected,17.1309275885,-25.5841941894
else,-3.13757817536,-19.8196222407
rich,12.0290806995,15.8623014204
offers,18.2316530173,6.74358381249
influence,14.131227138,0.116045928549
ruled,22.5886397783,-27.3315161255
governments,28.1203058318,-11.573018647
stations,-8.97256252747,32.2667606504
soccer,-46.8457824499,5.94823935204
shooting,-21.5227520564,5.66274494457
arafat,52.5767589539,-14.3738533213
streets,-7.90325189132,26.2553759792
draft,34.313731701,-10.2858923565
evening,-25.9259697387,20.4370460199
sex,-15.9210185709,-27.4021570083
grew,-5.35392019889,16.3961394542
bodies,-14.9782605518,-1.59262709048
policies,27.630103925,-10.3165084236
afghan,45.2681314128,-15.5042398839
editor,-29.9467207437,-17.0494737078
rival,18.6346969159,-18.3282044484
nature,9.57033607291,-1.19596867108
strategy,16.7498489965,-7.04665478445
1989,-40.2753360179,34.5669104389
girl,-21.5051725461,-30.8399608525
jordan,48.0904190428,-8.81930873075
happy,-7.91074244132,-19.6769736759
giant,12.7026898033,30.4511635368
save,5.11547731294,-9.39821859266
jackson,-36.2980426091,-22.8649737117
wing,-19.986234768,-1.45806421077
prosecutors,27.5923482796,-30.9807929629
identified,-12.4377198414,-4.72736547784
larger,6.80834610018,17.0187002745
article,-27.1725174587,-18.1771351021
optional,7.04006346864,10.5511071054
sri,44.5509129976,9.78482898566
seek,15.5265489985,-18.2493313714
bombing,41.060713781,-29.146745572
managed,-15.4571130059,4.70305285668
re,16.793022453,-14.6861505236
sought,16.7024372591,-19.3974826701
standing,-14.8721323303,0.798121461115
doctors,21.7326735763,-18.4085883838
measure,29.8192497663,-9.85896240764
earned,-34.5762220748,7.23843398197
gmt,-27.0260022621,26.9292144068
rural,1.38620957521,27.4217667852
fellow,-17.5900625018,-33.8163521152
sanctions,37.9493734882,-8.28419799091
bought,15.5993714551,27.3377942645
smaller,6.98035305241,16.1037546374
contributed,-32.6306189977,-18.566164855
owner,-41.6309559836,-23.125097033
secret,14.9940368912,-30.1459033007
carrying,8.2267697409,39.0994425047
prince,-27.5449411859,-25.9008719856
treaty,35.8285084689,-7.7579472238
launch,29.4572936897,-2.20821885427
cast,-28.7842246191,-2.64741128891
a.m.,-28.2722585051,26.0713204639
highly,-1.21138284644,-1.08164421593
civilians,43.4794786387,-17.5617245444
basketball,-47.7190451594,4.55791448643
performed,-32.7215557724,-2.70311953141
develop,22.017970877,5.2784804415
fair,10.0228692126,-17.8803806596
interior,8.30553790615,-35.3575769743
henry,-33.2112272899,-28.0814818932
lawmakers,16.2422519327,-41.1552310691
prepared,6.92365945407,-18.9722309298
malaysia,43.5229097313,10.8286151295
wrong,-1.61897220791,-17.773895081
tests,45.7766729373,25.125933295
widely,-1.69309253997,-0.382420432684
serb,41.650949039,-12.0363400161
table,-20.1923730451,2.97295692071
bureau,10.1050497184,-33.5871767219
looked,-6.29719885205,-12.484127836
spokeswoman,0.208591397627,-35.980925978
committed,26.0210872598,-16.3127463334
rally,-28.6707757165,18.8782684633
supported,19.5671569022,-21.1648853687
ambassador,0.770111742883,-41.3097712944
spoke,3.34144752905,-35.1198186102
ensure,22.693970026,-0.880891681955
towards,13.3963157433,1.96949137747
note,-15.1256055775,-16.520572865
kids,-13.4501547529,-28.6114803059
headed,-17.404466234,-0.275718648729
documents,13.971997041,-30.1744023959
follow,13.6648330432,-11.3541857174
bosnia,39.8358807934,-13.0916668772
rice,12.7064884469,14.8521916401
super,-44.283404738,8.87807367041
45,-18.7588916979,41.3699104369
stopped,-18.7154480726,7.43846175671
carolina,-47.9015061441,-13.963464326
directly,12.7760293045,4.58339317757
initial,15.4771508367,3.34417789023
relief,32.3061626884,1.98886330556
yuan,-9.34662549527,46.4408958093
continues,13.0395761243,-3.9299036504
earth,0.208750134289,20.3117634227
gives,-9.34863329608,-11.351661926
activity,17.2851913112,2.45196190128
polls,23.9894014568,-44.2424784606
bc,-26.0549783101,30.1388371047
louis,-39.2306608229,-18.6954855875
corruption,32.0553038584,-33.715953629
picture,-19.27600584,-6.39180948739
storm,-0.711064209525,22.0580094149
backed,20.0066819292,-21.6473438614
irish,-19.7746692881,-19.8691663914
interests,23.9202721209,-8.46870247477
refugees,41.910264477,-14.8641941615
defeat,-38.1849123491,17.6403166045
sen.,15.9081928964,-44.7321551819
islands,4.67377999755,30.3958778384
initially,-10.1051865256,-2.69025572502
spot,-25.3770028596,10.9545989834
bond,35.3217355916,27.7907586058
embassy,35.8462533808,-24.7138298752
agencies,28.3550404025,-12.3346273215
swiss,50.2306604206,0.185627428424
request,15.181332987,-26.6357174308
standards,21.9511708049,1.52156712816
estate,10.6253232827,26.4453131535
trust,35.7899477907,18.0973330371
ceremony,-26.1985907747,18.520538563
300,-15.0184958798,40.7134844438
guy,-6.96032446558,-22.7874232258
fully,6.08759100182,-2.61790885812
occurred,-6.7768091054,-29.9604931173
kingdom,10.8846490225,21.7743693485
shortly,-19.1319028653,11.7286291448
iranian,47.6645352714,-4.52903769219
bob,-38.4171305233,-23.6008548697
accept,11.060118991,-18.5754655831
c,-22.8168911916,34.2395617254
diplomatic,39.1486503768,-3.2955143835
cold,-3.66508745616,21.3192412413
signs,13.3504476671,-9.08232471344
facilities,17.2998186305,18.1033370733
struck,-20.3250082866,7.76582294607
discovered,-13.771042772,-3.52813768071
contact,9.58272580034,-5.76126356138
regime,33.7044993996,-21.1775857097
airlines,5.00321709882,39.3886009411
"1,000",-14.5979892498,40.881022642
youth,-17.4048645878,-37.2096746728
safe,1.42248222367,-22.8710318343
penalty,-33.7054265243,23.9346456207
transport,16.0389845542,21.8237597883
follows,5.76994515827,10.4697470391
marriage,-20.6149426998,-28.5210291078
maybe,-4.32936793754,-20.4257464098
appearance,-28.4985638731,-0.765203880357
highway,-4.47655126078,35.2648314094
millions,11.7482615213,36.4638098416
gain,28.7379696572,31.3284078352
90,-17.4072060011,42.1127294633
poll,-26.4548746593,-21.5606208041
door,-17.444370608,2.2363284793
threatened,20.5813399982,-11.9039616616
wins,-39.2776673614,15.4827946808
silver,-47.125660248,15.5222127995
passengers,3.25870020248,41.070614723
scott,-36.4631030118,-24.545902177
rescue,31.9315042539,3.50506913937
lose,3.03394472987,-11.5973297986
apparently,-11.8557615789,-2.24797633276
exports,20.4756808339,23.0062999669
showing,2.4595029819,19.3475448349
failure,19.8423296466,-7.37036334569
increasing,23.3783562879,22.4885971868
talking,-5.1072876976,-24.9052063421
specific,9.05299096959,1.39641993619
fresh,-10.8844464631,-10.0532426226
card,-17.8889648734,-5.03413656482
sixth,-32.3672230512,14.7323411733
understand,-0.26820451521,-16.9720973046
vehicle,0.392519693447,44.0862418375
panel,14.2634036141,-34.3009569151
latin,10.417968765,13.6694501437
refer,-19.0911213674,-10.8310789252
r,-35.5806100574,-18.0230586218
items,17.9988539307,23.2199165817
benefits,27.6341001146,16.8560558663
seem,-4.23311036033,-11.8324486508
partner,-29.6555488137,-21.6027108559
kill,39.2562411122,-26.4348810421
communications,21.8394368147,11.9550403265
broadcast,-39.2717618181,-4.76385782757
faces,-9.71972535713,-7.29062337802
protests,24.6084692188,-24.2296592746
caught,-19.8355535033,6.87798589992
pretty,-7.18095070707,-16.4092727285
presented,-19.0802301318,-3.41852861362
setting,0.408588066964,14.7427359634
driver,-24.3700584838,6.36030367583
steve,-37.3855865144,-24.4418582211
happen,-0.585637196703,-23.0345599612
capacity,19.1908628017,17.085139959
fed,20.4346804343,30.1409523425
box,-19.1304291768,-5.76010839262
65,-18.382954361,42.0918125152
stores,15.1311513332,24.5717292903
deaths,-9.8883627431,-32.0575524609
davis,-35.0470243152,-23.0502264017
sport,-47.0450742641,8.53728686103
prize,-35.1404353579,4.70256233958
boost,15.2863818709,-13.5377053585
producer,-34.281187242,-13.8554905884
comments,9.49404988161,-27.0600428506
goods,19.4743924225,22.6549811016
ford,-34.1576474775,-21.9903942066
episode,-32.2392714506,-5.72895755219
decline,24.5849596582,27.5140127058
immediate,19.1102759892,-8.14236032427
ending,-20.8843997571,15.5939482118
girls,-13.9044422222,-29.0168125949
bonds,35.2748508893,27.534306282
climate,24.4849300423,2.41166794737
orders,26.1995998441,-26.8478862728
destroyed,4.78042346164,23.9030403212
awarded,-34.8736753772,4.98685943967
provides,17.2870084737,7.97359047513
defeated,-38.1816501945,18.1696110454
bosnian,41.3094341237,-11.9982977191
brothers,-28.8522715427,-27.7975618609
roman,-23.3012806691,-19.8540235259
via,13.0511376288,5.06754629426
conducted,-11.2916832996,2.15436794406
image,-19.0881813366,-7.33811552321
accident,-6.7754483317,-31.1224074538
criticism,15.9581656268,-23.0668464475
mary,-31.2198289547,-27.3362375398
block,2.12435164476,14.3727289519
c.,-33.3206796845,-29.5121122083
heat,-3.00778623119,20.7972377695
push,15.1527583379,-12.5926668879
agent,-40.4357255045,-22.0301862741
d,-35.2639376043,-16.6629308806
joseph,-32.9173411698,-27.3781791373
actions,23.98379411,-14.3405074205
massive,10.6319473302,29.2684409798
structure,7.75008564567,20.3794282252
normal,7.57933453088,-2.59901403174
terror,38.7593175711,-31.8591332866
warning,22.5999270425,-12.3668237151
worldwide,31.2981222849,11.1540643747
advanced,22.6295015219,8.90578747964
featured,-30.7318596547,-6.76309402129
advantage,5.47341231881,-7.98027799911
convention,10.5611358653,-37.6244791447
southeast,1.20997146079,34.2155822653
plants,13.3769623114,18.5180593731
respect,28.8698494582,-19.4808613952
joe,-37.9310026981,-22.9366464294
positions,-4.72091559941,2.53667882229
approval,32.413194801,-9.40844768494
heads,-17.765419878,-1.15100461025
farm,7.98079925375,26.8055674197
pennsylvania,-48.4814278216,-13.1377903611
1988,-39.6895765241,34.0036335999
bowl,-43.7399464699,8.36821357873
ohio,-48.1443754826,-13.2725012976
m,-20.7414197226,35.1979097984
meetings,6.30134708267,-39.4087554526
mr.,-30.3413672347,-25.1479168445
prior,-16.7915436934,16.0231603911
reasons,11.6092145936,-3.35643076548
houston,-43.6887926288,-15.4113835897
novel,-29.2271671109,-13.739581606
